ID,Name,GeoPoint
103035,Porte de Bagnolet,"48.86458519015824, 2.408759948420706"
