ID,Name,GeoPoint
101075,Les Sablons,"48.881016496556725, 2.272238940611056"
