ID,Name,GeoPoint
101033,Château de Vincennes,"48.844456393634566, 2.440439978057246"
